customer_id,total_orders,total_revenue,avg_unit_price,avg_quantity,cumulative_revenue,cumulative_revenue_pct,cumulative_customer_pct,segment,score,pricing_tier,retained
CUST_0476,4018,15169133.88,149.18,25.55,15169133.88,5.108015754001057,0.2,Tier 1 – Top,0.9656939040207524,A – Premium,Yes
CUST_0391,3030,10860364.85,146.92,24.51,26029498.73,8.76510752910505,0.4,Tier 1 – Top,0.743157145445025,A – Premium,Yes
CUST_0262,2840,10139896.47,143.71,24.86,36169395.2,12.179590605227766,0.6,Tier 1 – Top,0.7074929209895152,A – Premium,Yes
CUST_0442,2136,7767116.23,147.18,24.71,43936511.43000001,14.795069668162723,0.8,Tier 1 – Top,0.5757458923553672,A – Premium,Yes
CUST_0070,2066,7639623.35,146.41,25.3,51576134.78000001,17.367617101334588,1.0,Tier 1 – Top,0.570143232896909,A – Premium,Yes
CUST_0500,1982,7582052.56,149.09,25.46,59158187.34000001,19.920778292377094,1.2,Tier 1 – Top,0.5630114399443771,A – Premium,Yes
CUST_0447,1974,7241014.55,146.57,25.2,66399201.89000001,22.359099207002107,1.4,Tier 1 – Top,0.549486823252021,A – Premium,Yes
CUST_0155,1974,7189103.77,145.17,25.28,73588305.66000001,24.779939816941297,1.6,Tier 1 – Top,0.5482945639458479,A – Premium,Yes
CUST_0306,1172,4330358.83,145.26,24.85,77918664.49000001,26.238133890452737,1.7999999999999998,Tier 1 – Top,0.3913964299860991,A – Premium,Yes
CUST_0499,1074,3899066.49,146.39,24.69,81817730.98,27.551095672870435,2.0,Tier 1 – Top,0.3688256271192353,A – Premium,Yes
CUST_0140,989,3818744.45,149.3,25.77,85636475.43,28.83701001481071,2.2,Tier 1 – Top,0.3668355284994878,A – Premium,Yes
CUST_0227,1058,3802871.93,147.68,24.51,89439347.36000001,30.117579484535007,2.4,Tier 1 – Top,0.3632929543162384,A – Premium,Yes
CUST_0472,956,3647064.88,154.21,25.0,93086412.24,31.34568288254549,2.6,Tier 1 – Top,0.3537192556892867,A – Premium,Yes
CUST_0479,930,3549038.01,148.57,25.44,96635450.25,32.540776960430215,2.8000000000000003,Tier 1 – Top,0.3514002990372541,A – Premium,Yes
CUST_0012,912,3508007.54,151.24,25.69,100143457.79000002,33.72205454168356,3.0,Tier 1 – Top,0.3503251850464622,A – Premium,Yes
CUST_0248,923,3483091.94,151.11,24.82,103626549.73000002,34.894942106847175,3.2,Tier 1 – Top,0.3446832060221049,A – Premium,Yes
CUST_0051,908,3338035.59,146.97,24.58,106964585.32000002,36.01898376380802,3.4000000000000004,Tier 1 – Top,0.337225525927228,A – Premium,Yes
CUST_0035,832,3156245.81,152.83,24.94,110120831.13000004,37.08180999030975,3.6,Tier 1 – Top,0.3278935964536711,A – Premium,Yes
CUST_0141,784,2983842.23,150.14,25.62,113104673.36000004,38.08658147158655,3.8,Tier 1 – Top,0.3230368711287096,A – Premium,Yes
CUST_0249,788,2966893.14,146.54,25.34,116071566.50000004,39.085645559190056,4.0,Tier 1 – Top,0.3209610332428019,A – Premium,Yes
CUST_0470,773,2858562.17,150.11,24.57,118930128.67000005,40.04823055011055,4.2,Tier 1 – Top,0.3112767883578596,A – Premium,Yes
CUST_0314,756,2837551.02,144.49,25.75,121767679.69000004,41.00374029955326,4.4,Tier 1 – Top,0.316967337022761,A – Premium,Yes
CUST_0367,728,2766905.28,149.19,25.36,124534584.97000004,41.935460981292586,4.6,Tier 1 – Top,0.3100189601708894,A – Premium,Yes
CUST_0465,709,2697903.07,151.51,24.99,127232488.04000002,42.84394603346141,4.8,Tier 1 – Top,0.3039264346077612,A – Premium,Yes
CUST_0413,584,2453886.05,162.62,25.64,129686374.09000002,43.670261411852906,5.0,Tier 1 – Top,0.2907655291867498,A – Premium,Yes
CUST_0325,636,2445635.41,150.55,25.06,132132009.5,44.493798490610814,5.2,Tier 1 – Top,0.2906147540293665,A – Premium,Yes
CUST_0242,597,2222808.96,144.08,25.95,134354818.46,45.2423015545059,5.4,Tier 1 – Top,0.2861298504654077,A – Premium,Yes
CUST_0412,592,2177489.64,148.04,24.91,136532308.1,45.97554390527444,5.6000000000000005,Tier 1 – Top,0.2775182422124717,A – Premium,Yes
CUST_0135,563,2108584.79,146.97,25.65,138640892.89,46.685583411232514,5.800000000000001,Tier 1 – Top,0.2778807292579343,A – Premium,Yes
CUST_0489,558,2089941.32,152.42,24.57,140730834.20999998,47.38934496228408,6.0,Tier 1 – Top,0.269888998223559,A – Premium,Yes
CUST_0446,542,2024615.64,147.21,25.25,142755449.84999996,48.07110890917311,6.2,Tier 1 – Top,0.2709509877898773,A – Premium,Yes
CUST_0034,556,2011593.33,144.79,24.75,144767043.17999998,48.748487756348496,6.4,Tier 1 – Top,0.2683245047064607,A – Premium,Yes
CUST_0002,548,2010441.94,150.66,24.67,146777485.11999995,49.42547888736912,6.6000000000000005,Tier 1 – Top,0.2671704341280538,A – Premium,Yes
CUST_0365,517,1899159.2,147.39,25.42,148676644.31999996,50.064996950147,6.800000000000001,Tier 2 – Core,0.2660515979256897,A – Premium,Yes
CUST_0241,473,1824275.85,151.53,25.2,150500920.16999996,50.67929898315428,7.000000000000001,Tier 2 – Core,0.2588713825081541,A – Premium,Yes
CUST_0359,455,1699788.4,145.82,25.54,152200708.56999996,51.251681427290784,7.199999999999999,Tier 2 – Core,0.2556290445891891,A – Premium,Yes
CUST_0053,479,1680711.54,143.29,24.73,153881420.10999995,51.81763997786898,7.399999999999999,Tier 2 – Core,0.2515392574053149,A – Premium,Yes
CUST_0179,457,1628578.41,135.57,25.5,155509998.51999995,52.36604335018505,7.6,Tier 2 – Core,0.253171768979988,A – Premium,Yes
CUST_0396,419,1616842.25,146.86,26.06,157126840.76999995,52.9104947176836,7.8,Tier 2 – Core,0.2535793402929592,A – Premium,Yes
CUST_0257,430,1524977.13,149.53,23.64,158651817.89999995,53.42401165715776,8.0,Tier 2 – Core,0.2356787125436623,A – Premium,Yes
CUST_0246,375,1434385.63,147.75,25.99,160086203.52999994,53.90702304418314,8.200000000000001,Tier 2 – Core,0.2438260927893846,A – Premium,Yes
CUST_0113,404,1426965.07,143.24,25.09,161513168.59999993,54.38753565061346,8.4,Tier 2 – Core,0.2399101792031339,A – Premium,Yes
CUST_0056,350,1311717.61,148.63,25.25,162824886.20999995,54.82924011902183,8.6,Tier 2 – Core,0.2331171871892429,A – Premium,Yes
CUST_0243,334,1306521.78,150.37,25.72,164131407.98999995,55.26919495678514,8.799999999999999,Tier 2 – Core,0.2347992893830415,A – Premium,Yes
CUST_0183,359,1295419.98,140.33,25.45,165426827.96999994,55.70541140251195,9.0,Tier 2 – Core,0.2345489830401689,A – Premium,Yes
CUST_0044,330,1258004.89,152.09,25.25,166684832.85999992,56.12902878551908,9.2,Tier 2 – Core,0.2298534459462518,A – Premium,Yes
CUST_0486,287,1201639.13,160.33,24.84,167886471.98999992,56.53366570514946,9.4,Tier 2 – Core,0.2221260992314218,A – Premium,Yes
CUST_0274,313,1184998.06,147.23,25.19,169071470.04999992,56.932698952981845,9.6,Tier 2 – Core,0.225788625575067,A – Premium,Yes
CUST_0193,298,1182801.32,156.57,24.51,170254271.36999992,57.33099247614595,9.8,Tier 2 – Core,0.2201863998466201,A – Premium,Yes
CUST_0402,276,1139640.07,161.11,25.71,171393911.4399999,57.714751989213866,10.0,Tier 2 – Core,0.2249032258295442,A – Premium,Yes
CUST_0474,295,1120530.86,141.63,25.98,172514442.29999992,58.09207671526635,10.2,Tier 2 – Core,0.2274429433264662,A – Premium,Yes
CUST_0409,291,1094172.84,144.28,24.95,173608615.13999993,58.46052570836866,10.4,Tier 2 – Core,0.2195958460604853,A – Premium,Yes
CUST_0105,312,1079743.34,146.45,25.25,174688358.47999993,58.82411574815792,10.6,Tier 2 – Core,0.2226336951717832,A – Premium,Yes
CUST_0368,309,1074454.86,146.99,23.81,175762813.33999994,59.18592495857561,10.8,Tier 2 – Core,0.2128968645974234,A – Premium,Yes
CUST_0281,276,1068164.69,155.48,24.62,176830978.02999994,59.54561603306612,11.0,Tier 2 – Core,0.2154785359771886,A – Premium,Yes
CUST_0151,279,1064812.33,149.73,24.76,177895790.35999995,59.904178242334105,11.2,Tier 2 – Core,0.2164999404285551,A – Premium,Yes
CUST_0054,286,1058569.31,151.56,25.02,178954359.66999996,60.260638192846585,11.4,Tier 2 – Core,0.2185029300606039,A – Premium,Yes
CUST_0198,284,1049518.77,148.0,25.07,180003878.43999997,60.61405048742381,11.6,Tier 2 – Core,0.2183795353303474,A – Premium,Yes
CUST_0192,283,1033537.71,153.12,24.57,181037416.15,60.96208136030013,11.8,Tier 2 – Core,0.2145355667237259,A – Premium,Yes
CUST_0119,280,990351.34,138.14,24.91,182027767.49,61.29556976423503,12.0,Tier 2 – Core,0.215093008433211,A – Premium,Yes
CUST_0454,293,968979.37,146.24,22.9,182996746.86,61.62186142507849,12.2,Tier 2 – Core,0.2023241652899306,A – Premium,Yes
CUST_0122,235,963947.45,150.69,25.92,183960694.31,61.94645864991551,12.4,Tier 2 – Core,0.2174127467100221,A – Premium,Yes
CUST_0204,283,961573.25,146.82,24.15,184922267.56,62.27025639265295,12.6,Tier 2 – Core,0.2094397624624118,A – Premium,Yes
CUST_0406,264,953122.64,141.47,25.71,185875390.2,62.59120849836507,12.8,Tier 2 – Core,0.2178593315265449,A – Premium,Yes
CUST_0089,245,938565.4,147.38,25.79,186813955.6,62.9072586359198,13.0,Tier 2 – Core,0.2164796910888011,A – Premium,Yes
CUST_0265,240,905076.87,139.92,26.54,187719032.47,63.21203193063227,13.2,Tier 2 – Core,0.2198663463511871,A – Premium,Yes
CUST_0199,261,889660.37,150.18,23.87,188608692.84,63.51161391214949,13.4,Tier 2 – Core,0.2036109619041229,A – Premium,Yes
CUST_0490,251,885841.05,142.94,25.09,189494533.89,63.80990978551553,13.6,Tier 2 – Core,0.2106502334688913,A – Premium,Yes
CUST_0229,224,880739.58,155.38,24.74,190375273.47,64.10648780278413,13.8,Tier 2 – Core,0.2061963726635562,A – Premium,Yes
CUST_0468,208,859185.19,152.68,26.89,191234458.66,64.39580764931213,14.000000000000002,Tier 2 – Core,0.218234211019174,A – Premium,Yes
CUST_0250,203,839199.91,152.75,26.96,192073658.57,64.67839770322999,14.2,Tier 2 – Core,0.2176560986370718,A – Premium,Yes
CUST_0116,228,837775.98,140.74,25.78,192911434.55,64.96050826656318,14.4,Tier 2 – Core,0.2118233643423764,A – Premium,Yes
CUST_0273,213,817670.05,157.02,25.21,193729104.6,65.23584840991057,14.6,Tier 2 – Core,0.2063441810593066,A – Premium,Yes
CUST_0428,205,778581.85,141.61,26.51,194507686.45,65.49802609171104,14.8,Tier 2 – Core,0.2128890661740717,A – Premium,Yes
CUST_0166,198,777147.94,149.93,26.3,195284834.39,65.75972092228692,15.0,Tier 2 – Core,0.2109572863165333,A – Premium,Yes
CUST_0184,216,767630.92,148.22,24.75,196052465.31,66.01821101563286,15.2,Tier 2 – Core,0.2019356609751694,A – Premium,Yes
CUST_0081,218,761278.63,138.49,26.19,196813743.94,66.27456205492003,15.4,Tier 2 – Core,0.2112141283068923,A – Premium,Yes
CUST_0008,216,750040.19,141.53,25.33,197563784.13,66.52712869036289,15.6,Tier 2 – Core,0.2051171900181518,A – Premium,Yes
CUST_0397,209,735700.75,146.08,24.72,198299484.88,66.7748666990692,15.8,Tier 2 – Core,0.200165988604496,A – Premium,Yes
CUST_0128,194,725478.07,154.94,25.06,199024962.95,67.01916234838296,16.0,Tier 2 – Core,0.200914000474684,A – Premium,Yes
CUST_0337,195,723326.33,153.71,23.56,199748289.28,67.2627334262146,16.2,Tier 2 – Core,0.1911901130815723,A – Premium,Yes
CUST_0377,185,705806.54,159.76,24.33,200454095.82,67.50040493429921,16.400000000000002,Tier 2 – Core,0.1948595063241899,A – Premium,Yes
CUST_0384,199,697991.54,140.35,24.53,201152087.35999995,67.73544483906134,16.6,Tier 2 – Core,0.1969442238939499,A – Premium,Yes
CUST_0253,181,686591.91,151.28,24.36,201838679.26999995,67.9666460612665,16.8,Tier 2 – Core,0.1941220564935306,A – Premium,Yes
CUST_0352,176,664592.92,144.21,26.3,202503272.18999997,68.19043939925223,17.0,Tier 2 – Core,0.2056046765173593,A – Premium,Yes
CUST_0013,174,663943.22,158.83,23.28,203167215.40999997,68.41401395890415,17.2,Tier 2 – Core,0.1858489786914214,B – Standard,Yes
CUST_0063,184,649590.61,143.72,24.79,203816806.01999995,68.63275545698706,17.4,Tier 2 – Core,0.1959150101045684,A – Premium,Yes
CUST_0220,165,638695.5,158.28,24.07,204455501.51999995,68.84782816330096,17.599999999999998,Tier 2 – Core,0.1894680121460928,A – Premium,Yes
CUST_0438,166,638263.22,158.58,23.13,205093764.73999995,69.06275530474164,17.8,Tier 2 – Core,0.1834324482391777,B – Standard,Yes
CUST_0293,167,634977.46,154.01,24.6,205728742.2,69.27657600767525,18.0,Tier 2 – Core,0.1929318820410467,A – Premium,Yes
CUST_0074,164,618283.7,140.52,26.9,206347025.89999995,69.4847752961136,18.2,Tier 2 – Core,0.2070733296846942,A – Premium,Yes
CUST_0404,178,608501.31,137.9,24.92,206955527.20999995,69.68968048729978,18.4,Tier 2 – Core,0.1949557150052961,A – Premium,Yes
CUST_0187,159,596486.07,149.38,23.75,207552013.27999997,69.89053969697552,18.6,Tier 2 – Core,0.1855535077525628,B – Standard,Yes
CUST_0114,160,594802.75,159.82,23.98,208146816.02999997,70.09083206973446,18.8,Tier 2 – Core,0.1870642561149175,A – Premium,Yes
CUST_0127,146,590424.15,147.7,26.99,208737240.17999995,70.28965000381038,19.0,Tier 2 – Core,0.2053947377364672,A – Premium,Yes
CUST_0390,164,574702.61,143.33,24.5,209311942.79,70.48317390629344,19.2,Tier 2 – Core,0.1900726218005459,A – Premium,Yes
CUST_0399,135,567763.64,162.36,25.1,209879706.42999995,70.67436119757924,19.4,Tier 2 – Core,0.1915696959916843,A – Premium,Yes
CUST_0200,142,565887.29,147.35,27.03,210445593.71999997,70.86491665151455,19.6,Tier 2 – Core,0.2045467091547304,A – Premium,Yes
CUST_0271,150,565152.88,153.42,23.67,211010746.59999996,71.05522480208505,19.8,Tier 2 – Core,0.1833299306010336,B – Standard,Yes
CUST_0422,141,560490.37,155.02,25.96,211571236.96999997,71.24396291083764,20.0,Tier 2 – Core,0.1973551134339175,A – Premium,Yes
CUST_0421,145,557751.5,147.02,25.87,212128988.46999997,71.43177873943772,20.200000000000003,Tier 2 – Core,0.1969798341623576,A – Premium,Yes
CUST_0315,163,553937.79,144.4,23.57,212682926.25999996,71.6183103489838,20.4,Tier 2 – Core,0.1832823862191371,B – Standard,Yes
CUST_0309,146,551390.14,143.36,25.6,213234316.39999992,71.80398406931626,20.6,Tier 2 – Core,0.1950938443563544,A – Premium,Yes
CUST_0297,137,548006.1,158.85,25.93,213782322.4999999,71.98851825658316,20.8,Tier 2 – Core,0.1964504024567876,A – Premium,Yes
CUST_0445,143,547574.34,144.73,25.99,214329896.8399999,72.17290705408033,21.0,Tier 2 – Core,0.1972732600557686,A – Premium,Yes
CUST_0379,166,542804.74,132.94,24.57,214872701.57999992,72.355689748544,21.2,Tier 2 – Core,0.189624498629971,A – Premium,Yes
CUST_0215,122,541311.07,163.9,26.42,215414012.64999992,72.5379694683519,21.4,Tier 2 – Core,0.1982874542115216,A – Premium,Yes
CUST_0121,153,540280.94,144.86,24.82,215954293.5899999,72.71990230479058,21.6,Tier 2 – Core,0.1901919488859752,A – Premium,Yes
CUST_0277,141,537168.62,153.79,25.59,216491462.20999992,72.90078710646887,21.8,Tier 2 – Core,0.1941869083904906,A – Premium,Yes
CUST_0386,154,529204.99,138.76,24.72,217020667.19999996,73.07899025553462,22.0,Tier 2 – Core,0.1892530226476239,A – Premium,Yes
CUST_0093,134,521289.88,137.28,27.52,217541957.07999992,73.25452809048986,22.2,Tier 2 – Core,0.2056570832141795,A – Premium,Yes
CUST_0394,122,521168.52,162.49,24.76,218063125.59999996,73.43002505898582,22.4,Tier 2 – Core,0.1868582821576096,B – Standard,Yes
CUST_0026,133,513718.65,137.15,26.91,218576844.24999997,73.60301337711148,22.6,Tier 2 – Core,0.2013769573833428,A – Premium,Yes
CUST_0117,138,497258.38,154.94,24.49,219074102.62999997,73.77045890557359,22.8,Tier 2 – Core,0.1855138154183443,B – Standard,Yes
CUST_0280,141,496412.61,137.42,25.33,219570515.23999995,73.9376196315863,23.0,Tier 2 – Core,0.1911574002788391,A – Premium,Yes
CUST_0068,139,486787.36,150.76,24.46,220057302.6,74.10153917527278,23.200000000000003,Tier 2 – Core,0.1850487845850455,B – Standard,Yes
CUST_0036,131,465695.67,136.92,26.17,220522998.26999995,74.25835635664569,23.4,Tier 2 – Core,0.1948457493067133,A – Premium,Yes
CUST_0448,131,465062.73,145.23,25.05,220988060.99999997,74.4149604034048,23.6,Tier 2 – Core,0.1875615921238559,A – Premium,Yes
CUST_0158,117,460709.97,151.54,25.34,221448770.96999997,74.57009871277711,23.8,Tier 2 – Core,0.1882534961624026,A – Premium,Yes
CUST_0451,137,458482.31,136.72,24.72,221907253.27999997,74.72448688555858,24.0,Tier 2 – Core,0.1856525967355732,B – Standard,Yes
CUST_0218,134,453014.83,133.67,25.03,222360268.10999995,74.8770339529615,24.2,Tier 2 – Core,0.187258763557776,A – Premium,Yes
CUST_0385,112,452747.15,163.93,25.32,222813015.26,75.02949088247863,24.4,Tier 2 – Core,0.1874880065636387,A – Premium,Yes
CUST_0077,125,450233.73,141.53,25.66,223263248.98999995,75.18110144930571,24.6,Tier 2 – Core,0.1905807208599386,A – Premium,Yes
CUST_0071,117,445499.27,155.39,24.2,223708748.26,75.33111774605395,24.8,Tier 2 – Core,0.1803591299646818,B – Standard,Yes
CUST_0272,138,443448.67,129.85,23.44,224152196.92999995,75.48044352894769,25.0,Tier 2 – Core,0.176930818940409,B – Standard,Yes
CUST_0322,95,436472.94,167.56,26.6,224588669.86999995,75.6274203221748,25.2,Tier 2 – Core,0.1939832011168804,A – Premium,Yes
CUST_0432,120,435745.99,137.64,26.77,225024415.85999995,75.77415232409861,25.4,Tier 2 – Core,0.1969283042608541,A – Premium,Yes
CUST_0332,110,416232.79,148.0,26.27,225440648.64999995,75.91431350043678,25.6,Tier 2 – Core,0.192295934310182,A – Premium,Yes
CUST_0160,108,415747.58,154.19,24.3,225856396.23,76.05431128838747,25.8,Tier 2 – Core,0.1793549968709044,B – Standard,Yes
CUST_0052,126,415041.83,140.43,23.98,226271438.06,76.1940714238692,26.0,Tier 2 – Core,0.1786004594086921,B – Standard,Yes
CUST_0326,105,412731.83,152.64,26.0,226684169.89,76.33305369579689,26.200000000000003,Tier 2 – Core,0.1900562439961717,A – Premium,Yes
CUST_0463,114,412209.25,140.24,26.2,227096379.14,76.47185999545789,26.4,Tier 2 – Core,0.1920080118548865,A – Premium,Yes
CUST_0095,105,409758.82,147.17,27.18,227506137.96,76.60984114352202,26.6,Tier 2 – Core,0.1976106480999256,A – Premium,Yes
CUST_0266,122,409539.43,138.62,23.59,227915677.39,76.74774841475276,26.8,Tier 2 – Core,0.1755912521831308,B – Standard,Yes
CUST_0076,97,399858.63,159.59,25.36,228315536.02,76.88239579789085,27.0,Tier 2 – Core,0.1848841557618441,B – Standard,Yes
CUST_0436,103,396107.03,147.18,25.32,228711643.05,77.01577987673916,27.200000000000003,Tier 2 – Core,0.1849490774564302,B – Standard,Yes
CUST_0400,104,383620.3,139.65,25.41,229095263.35,77.14495920572763,27.4,Tier 2 – Core,0.1851958155700524,B – Standard,Yes
CUST_0231,127,383452.86,141.68,21.68,229478716.21,77.27408215139424,27.6,Tier 2 – Core,0.1627182042808891,C – Discounted,Yes
CUST_0108,104,383434.65,153.62,24.82,229862150.86,77.40319896507154,27.800000000000004,Tier 2 – Core,0.1813634964952384,B – Standard,Yes
CUST_0439,97,382136.16,155.02,24.78,230244287.02,77.53187852851234,28.000000000000004,Tier 2 – Core,0.1805386446392204,B – Standard,Yes
CUST_0279,102,381263.86,145.86,24.64,230625550.88000005,77.66026435585869,28.2,Tier 2 – Core,0.1799753004305025,B – Standard,Yes
CUST_0389,115,378026.92,138.89,23.55,231003577.8,77.7875601842212,28.4,Tier 2 – Core,0.1737704957408979,B – Standard,Yes
CUST_0003,105,370674.84,142.84,25.4,231374252.64,77.91238029177053,28.6,Tier 2 – Core,0.1847789247457364,B – Standard,Yes
CUST_0305,104,370569.94,134.2,26.69,231744822.58,78.03716507555933,28.8,Tier 3 – Growth,0.1930665618093683,A – Premium,Yes
CUST_0171,89,369226.39,161.64,25.51,232114048.97,78.16149743572129,29.0,Tier 3 – Growth,0.1842499164959366,B – Standard,Yes
CUST_0316,98,368400.19,148.31,24.97,232482449.16,78.28555158338611,29.2,Tier 3 – Growth,0.1813927141455975,B – Standard,Yes
CUST_0138,98,366961.86,143.3,25.27,232849411.02,78.40912139144673,29.4,Tier 3 – Growth,0.183290829677206,B – Standard,Yes
CUST_0177,88,366196.73,160.72,25.53,233215607.75,78.53243355156748,29.6,Tier 3 – Growth,0.1842050915140118,B – Standard,Yes
CUST_0420,107,359165.12,132.98,24.7,233574772.87,78.65337790513183,29.8,Tier 3 – Growth,0.1800093141516529,B – Standard,Yes
CUST_0082,83,356666.5,158.26,27.04,233931439.37,78.77348087972067,30.0,Tier 3 – Growth,0.1933101164508644,A – Premium,Yes
CUST_0258,103,353767.08,140.91,25.6,234285206.45,78.89260751095632,30.2,Tier 3 – Growth,0.185369305560939,B – Standard,Yes
CUST_0419,85,351619.91,173.03,23.51,234636826.36,79.01101110960005,30.4,Tier 3 – Growth,0.1704007528350885,B – Standard,Yes
CUST_0482,93,351064.72,145.71,25.03,234987891.08,79.1292277549682,30.6,Tier 3 – Growth,0.180837093085813,B – Standard,Yes
CUST_0092,107,349335.7,147.09,21.57,235337226.78,79.2468621745172,30.8,Tier 3 – Growth,0.159387006165611,C – Discounted,Yes
CUST_0278,74,345593.39,155.68,28.49,235682820.17,79.36323641806753,31.0,Tier 3 – Growth,0.201676524378645,A – Premium,Yes
CUST_0433,92,343499.3,142.27,25.4,236026319.47,79.4789055030508,31.2,Tier 3 – Growth,0.1829125413822589,B – Standard,Yes
CUST_0197,116,340781.3,132.03,23.27,236367100.77,79.59365933559256,31.4,Tier 3 – Growth,0.1708016582752614,B – Standard,Yes
CUST_0356,90,333589.42,141.16,28.02,236700690.19,79.7059913926637,31.6,Tier 3 – Growth,0.1994274880363293,A – Premium,Yes
CUST_0186,92,332398.78,150.34,24.23,237033088.97,79.81792251663443,31.8,Tier 3 – Growth,0.1749591010561827,B – Standard,Yes
CUST_0010,89,330881.08,146.24,25.71,237363970.05,79.92934257414801,32.0,Tier 3 – Growth,0.1842830078653201,B – Standard,Yes
CUST_0267,83,328963.36,158.35,24.82,237692933.41000003,80.04011686348201,32.2,Tier 3 – Growth,0.178000087505546,B – Standard,Yes
CUST_0157,88,327719.05,145.5,25.52,238020652.46000004,80.15047214701559,32.4,Tier 3 – Growth,0.1828719520427276,B – Standard,Yes
CUST_0219,73,324835.56,158.26,28.26,238345488.02000004,80.25985645142387,32.6,Tier 3 – Growth,0.1994260782135836,A – Premium,Yes
CUST_0268,94,323701.67,140.31,23.79,238669189.69000003,80.36885893258308,32.800000000000004,Tier 3 – Growth,0.1719683207070984,B – Standard,Yes
CUST_0201,83,321938.27,151.33,25.57,238991127.96000004,80.47726761088899,33.0,Tier 3 – Growth,0.182632342029935,B – Standard,Yes
CUST_0304,85,317354.62,153.28,25.22,239308482.58000004,80.58413280249378,33.2,Tier 3 – Growth,0.1803608057835076,B – Standard,Yes
CUST_0147,81,316503.74,157.09,23.62,239624986.32000005,80.6907114709207,33.4,Tier 3 – Growth,0.1696579684193659,C – Discounted,Yes
CUST_0175,95,316048.14,131.7,24.12,239941034.46000004,80.79713672175663,33.6,Tier 3 – Growth,0.1739307894023629,B – Standard,Yes
CUST_0353,86,315757.61,142.26,26.14,240256792.07000005,80.90346414025561,33.800000000000004,Tier 3 – Growth,0.1863491072388909,B – Standard,Yes
CUST_0328,79,315262.35,161.76,24.59,240572054.42000005,81.00962478615554,34.0,Tier 3 – Growth,0.175758253883649,B – Standard,Yes
CUST_0039,98,314945.44,153.69,21.63,240886999.86000004,81.11567871658409,34.2,Tier 3 – Growth,0.1579705746814333,C – Discounted,Yes
CUST_0104,77,314165.61,153.75,26.14,241201165.4700001,81.22147004903196,34.4,Tier 3 – Growth,0.185624656151175,B – Standard,Yes
CUST_0046,95,313204.89,138.31,24.75,241514370.36000004,81.32693787105833,34.599999999999994,Tier 3 – Growth,0.1779226742441902,B – Standard,Yes
CUST_0358,73,312104.73,170.3,24.45,241826475.09000003,81.43203522799051,34.8,Tier 3 – Growth,0.174298277577599,B – Standard,Yes
CUST_0194,80,311675.29,152.15,26.16,242138150.38000005,81.53698797638387,35.0,Tier 3 – Growth,0.1858962647646614,B – Standard,Yes
CUST_0087,101,310386.47,131.67,23.06,242448536.85,81.64150673079206,35.2,Tier 3 – Growth,0.1673179660058428,C – Discounted,Yes
CUST_0075,86,307780.15,131.94,28.17,242756317.00000003,81.74514783959931,35.4,Tier 3 – Growth,0.1992508779684917,A – Premium,Yes
CUST_0492,84,305123.51,150.56,25.38,243061440.51,81.84789435817615,35.6,Tier 3 – Growth,0.1809205974369999,B – Standard,Yes
CUST_0338,88,304538.42,137.68,25.15,243365978.93,81.95044385502709,35.8,Tier 3 – Growth,0.1797083985503093,B – Standard,Yes
CUST_0163,74,303133.87,149.3,27.54,243669112.8,82.05252038726555,36.0,Tier 3 – Growth,0.1941161575596567,A – Premium,Yes
CUST_0029,90,302216.62,130.11,26.83,243971329.42,82.1542880470603,36.2,Tier 3 – Growth,0.1906761378007622,A – Premium,Yes
CUST_0004,84,301093.06,143.23,24.71,244272422.48,82.25567736210408,36.4,Tier 3 – Growth,0.1764427405851154,B – Standard,Yes
CUST_0382,86,293514.84,140.58,24.13,244565937.32,82.35451480652335,36.6,Tier 3 – Growth,0.1725809289172202,B – Standard,Yes
CUST_0212,80,292835.54,147.69,25.48,244858772.86,82.45312350517975,36.8,Tier 3 – Growth,0.1808654177956758,B – Standard,Yes
CUST_0211,71,288204.39,149.44,26.39,245146977.25,82.55017272210526,37.0,Tier 3 – Growth,0.1859422179641492,B – Standard,Yes
CUST_0205,81,287871.84,139.0,25.09,245434849.09,82.64710995698536,37.2,Tier 3 – Growth,0.1782472870820025,B – Standard,Yes
CUST_0222,77,287434.01,141.53,25.6,245722283.1,82.74389975809927,37.4,Tier 3 – Growth,0.1812415924219214,B – Standard,Yes
CUST_0462,81,285885.36,139.23,23.63,246008168.46,82.84016807073141,37.6,Tier 3 – Growth,0.1687135862949346,C – Discounted,Yes
CUST_0347,69,285363.56,156.5,27.32,246293532.02,82.93626067375205,37.8,Tier 3 – Growth,0.1917303798411566,A – Premium,Yes
CUST_0364,69,284016.59,156.8,25.88,246577548.61,83.03189970150369,38.0,Tier 3 – Growth,0.1823474600584188,B – Standard,Yes
CUST_0323,76,282247.61,153.01,25.26,246859796.22000003,83.12694304740691,38.2,Tier 3 – Growth,0.1787910473355333,B – Standard,Yes
CUST_0028,74,280416.39,167.55,23.88,247140212.61,83.22136975292163,38.4,Tier 3 – Growth,0.1696319428980968,C – Discounted,Yes
CUST_0088,77,279509.52,138.67,24.91,247419722.13000005,83.31549108132758,38.6,Tier 3 – Growth,0.1765056798186531,B – Standard,Yes
CUST_0360,65,278912.86,154.83,26.0,247698634.99000004,83.40941149195511,38.8,Tier 3 – Growth,0.182658786658336,B – Standard,Yes
CUST_0236,83,273080.64,145.29,24.3,247971715.63000005,83.50136797557951,39.0,Tier 3 – Growth,0.1727858558362838,B – Standard,Yes
CUST_0066,65,272826.21,158.64,26.82,248244541.84000003,83.59323878308962,39.2,Tier 3 – Growth,0.187775929634666,A – Premium,Yes
CUST_0374,80,271010.6,140.05,24.99,248515552.44000003,83.6844982066831,39.4,Tier 3 – Growth,0.1769683399942564,B – Standard,Yes
CUST_0259,62,270342.67,157.63,27.76,248785895.11,83.77553271321872,39.6,Tier 3 – Growth,0.1935660552182125,A – Premium,Yes
CUST_0362,66,268976.5,162.39,24.18,249054871.61,83.86610717912595,39.8,Tier 3 – Growth,0.1706030782041314,B – Standard,Yes
CUST_0048,76,268566.83,147.43,23.46,249323438.44000003,83.95654369379413,40.0,Tier 3 – Growth,0.1666669542154545,C – Discounted,Yes
CUST_0452,69,268130.45,171.66,22.65,249591568.89,84.04683326296545,40.2,Tier 3 – Growth,0.1608770040299109,C – Discounted,Yes
CUST_0346,71,265625.23,148.37,25.24,249857194.12,84.13627923069397,40.400000000000006,Tier 3 – Growth,0.1777401241692202,B – Standard,Yes
CUST_0276,67,263631.48,162.8,24.45,250120825.6,84.2250538280931,40.6,Tier 3 – Growth,0.1722525341881035,B – Standard,Yes
CUST_0299,76,262630.49,151.83,22.91,250383456.09,84.31349135465287,40.8,Tier 3 – Growth,0.1629044861611979,C – Discounted,Yes
CUST_0321,66,261117.58,156.17,26.62,250644573.67,84.40141942772797,41.0,Tier 3 – Growth,0.1861676407757097,B – Standard,Yes
CUST_0303,60,258476.64,171.35,25.23,250903050.31,84.48845819735094,41.2,Tier 3 – Growth,0.1766183397232016,B – Standard,Yes
CUST_0021,60,258292.29,149.12,28.25,251161342.6,84.57543488942143,41.4,Tier 3 – Growth,0.1961972178435663,A – Premium,Yes
CUST_0464,75,257459.7,148.13,23.07,251418802.3,84.66213121724238,41.6,Tier 3 – Growth,0.1636969977595417,C – Discounted,Yes
CUST_0064,58,256799.51,172.53,24.24,251675601.81,84.74860523435348,41.8,Tier 3 – Growth,0.1699934972290238,C – Discounted,Yes
CUST_0115,65,255026.42,169.3,23.37,251930628.23,84.83448218562518,42.0,Tier 3 – Growth,0.1648156779571466,C – Discounted,Yes
CUST_0170,68,254941.58,146.43,26.32,252185569.81,84.92033056808997,42.2,Tier 3 – Growth,0.1841678722278025,B – Standard,Yes
CUST_0208,76,253250.05,125.75,25.72,252438819.86,85.00560934902335,42.4,Tier 3 – Growth,0.1808183780844025,B – Standard,Yes
CUST_0188,61,252716.05,163.89,24.02,252691535.91,85.09070831214812,42.6,Tier 3 – Growth,0.1686561730525426,C – Discounted,Yes
CUST_0009,60,252151.54,150.64,28.05,252943687.45,85.17561718360412,42.8,Tier 3 – Growth,0.1946977916012784,A – Premium,Yes
CUST_0290,67,251866.0,150.17,24.37,253195553.45,85.26042990304312,43.0,Tier 3 – Growth,0.1713459175629373,B – Standard,Yes
CUST_0196,61,251615.96,152.17,26.21,253447169.41,85.34515842464532,43.2,Tier 3 – Growth,0.1828222468782647,B – Standard,Yes
CUST_0288,58,251449.24,166.3,25.12,253698618.65,85.42983080537662,43.4,Tier 3 – Growth,0.1755240175789956,B – Standard,Yes
CUST_0102,72,250257.38,153.42,23.6,253948876.03,85.5141018421878,43.6,Tier 3 – Growth,0.1666726999038032,C – Discounted,Yes
CUST_0162,82,249892.32,128.18,24.6,254198768.35,85.59824994961843,43.8,Tier 3 – Growth,0.1738923913417537,B – Standard,Yes
CUST_0444,60,246255.23,152.2,28.0,254445023.58,85.6811733125669,44.0,Tier 3 – Growth,0.1941791851557591,A – Premium,Yes
CUST_0414,67,243206.82,142.24,24.7,254688230.4,85.76307016164661,44.2,Tier 3 – Growth,0.1732005743418347,B – Standard,Yes
CUST_0256,70,242500.69,135.93,25.51,254930731.09,85.84472923029716,44.4,Tier 3 – Growth,0.1786542094408823,B – Standard,Yes
CUST_0453,56,240918.62,152.09,29.93,255171649.71,85.92585555669966,44.6,Tier 3 – Growth,0.2062208382357722,A – Premium,Yes
CUST_0230,75,240770.63,141.61,21.87,255412420.34,86.00693204932408,44.8,Tier 3 – Growth,0.1553647969579289,C – Discounted,Yes
CUST_0275,64,239950.5,149.96,24.33,255652370.84,86.08773237344782,45.0,Tier 3 – Growth,0.1704697673642958,B – Standard,Yes
CUST_0049,63,239235.41,158.11,24.75,255891606.25,86.16829189997466,45.2,Tier 3 – Growth,0.173095268199609,B – Standard,Yes
CUST_0317,62,237379.37,152.75,24.87,256128985.62,86.248226428289,45.4,Tier 3 – Growth,0.173737636124589,B – Standard,Yes
CUST_0103,57,236828.91,152.46,27.49,256365814.53,86.327975596096,45.6,Tier 3 – Growth,0.1903370928654218,A – Premium,Yes
CUST_0466,54,235797.78,163.9,24.94,256601612.31,86.40737754379629,45.8,Tier 3 – Growth,0.173542148081241,B – Standard,Yes
CUST_0383,70,234995.66,144.59,24.01,256836607.97,86.48650938763771,46.0,Tier 3 – Growth,0.1686792046521853,C – Discounted,Yes
CUST_0483,55,233755.23,162.7,25.15,257070363.2,86.5652235322201,46.2,Tier 3 – Growth,0.1749113539364077,B – Standard,Yes
CUST_0351,76,233511.2,141.45,21.38,257303874.39999995,86.64385550275787,46.400000000000006,Tier 3 – Growth,0.1520224867167278,C – Discounted,Yes
CUST_0480,63,232365.45,150.27,22.94,257536239.84999996,86.72210165634021,46.6,Tier 3 – Growth,0.1611308202444113,C – Discounted,Yes
CUST_0042,56,232256.82,171.76,24.95,257768496.66999996,86.80031123013126,46.8,Tier 3 – Growth,0.173639610989722,B – Standard,Yes
CUST_0213,70,231802.09,140.55,23.73,258000298.75999996,86.87836767929291,47.0,Tier 3 – Growth,0.1667581156428877,C – Discounted,Yes
CUST_0458,52,231330.6,167.65,24.08,258231629.35999992,86.95626536010515,47.2,Tier 3 – Growth,0.1676684018367387,C – Discounted,Yes
CUST_0148,53,230191.66,161.08,26.02,258461821.01999992,87.03377951714413,47.4,Tier 3 – Growth,0.1802865880369655,B – Standard,Yes
CUST_0239,75,227578.38,134.45,24.11,258689399.39999992,87.11041368488938,47.6,Tier 3 – Growth,0.1694565471996016,C – Discounted,Yes
CUST_0341,57,225783.38,158.9,23.16,258915182.7799999,87.18644340887725,47.8,Tier 3 – Growth,0.1618925986943695,C – Discounted,Yes
CUST_0018,59,224870.38,162.5,23.83,259140053.1599999,87.26216569155568,48.0,Tier 3 – Growth,0.1663568391977418,C – Discounted,Yes
CUST_0097,54,224322.13,172.44,23.04,259364375.2899999,87.33770335791657,48.2,Tier 3 – Growth,0.1608422313000801,C – Discounted,Yes
CUST_0481,64,224167.46,131.46,25.95,259588542.7499999,87.41318894109308,48.4,Tier 3 – Growth,0.1804553685686314,B – Standard,Yes
CUST_0019,47,223828.51,163.13,28.53,259812371.2599999,87.48856038710437,48.6,Tier 3 – Growth,0.1959064255168943,A – Premium,Yes
CUST_0485,61,222667.27,139.79,24.33,260035038.5299999,87.56354080009685,48.8,Tier 3 – Growth,0.1696760911877301,C – Discounted,Yes
CUST_0189,59,222032.43,149.16,24.42,260257070.95999992,87.63830743867432,49.0,Tier 3 – Growth,0.1700894953641815,C – Discounted,Yes
CUST_0484,66,220888.37,145.3,23.35,260477959.32999992,87.71268882938267,49.2,Tier 3 – Growth,0.1636353931109814,C – Discounted,Yes
CUST_0126,59,220497.21,152.07,22.83,260698456.53999996,87.78693850186255,49.4,Tier 3 – Growth,0.1597276079009674,C – Discounted,Yes
CUST_0350,59,219943.66,139.48,26.25,260918400.19999996,87.86100177331629,49.6,Tier 3 – Growth,0.1818883502948448,B – Standard,Yes
CUST_0327,60,219635.78,150.7,25.0,261138035.97999996,87.934961370038,49.8,Tier 3 – Growth,0.1738465106849098,B – Standard,Yes
CUST_0061,56,219059.88,161.05,24.38,261357095.85999992,88.00872703965112,50.0,Tier 3 – Growth,0.1695081197410281,C – Discounted,Yes
CUST_0497,57,217146.03,146.45,25.63,261574241.88999996,88.08184824425868,50.2,Tier 3 – Growth,0.1776260554415898,B – Standard,Yes
CUST_0055,67,217081.37,126.58,25.15,261791323.25999996,88.15494767542145,50.4,Tier 3 – Growth,0.1752577237924806,B – Standard,Yes
CUST_0221,63,216833.09,143.99,25.32,262008156.34999996,88.22796350140537,50.6,Tier 3 – Growth,0.1760533483530611,B – Standard,Yes
CUST_0285,64,216024.85,133.51,26.73,262224181.19999996,88.30070716269711,50.8,Tier 3 – Growth,0.18524534029565,B – Standard,Yes
CUST_0143,52,215660.16,153.64,26.31,262439841.35999992,88.37332801920117,51.0,Tier 3 – Growth,0.1816136159519452,B – Standard,Yes
CUST_0449,54,215488.51,139.98,27.56,262655329.86999992,88.44589107471863,51.2,Tier 3 – Growth,0.189863641487634,A – Premium,Yes
CUST_0131,53,213182.77,162.03,24.08,262868512.63999996,88.51767770118366,51.4,Tier 3 – Growth,0.1671448830472289,C – Discounted,Yes
CUST_0120,60,212531.14,141.66,27.63,263081043.7799999,88.58924489941157,51.6,Tier 3 – Growth,0.1906681016038328,A – Premium,Yes
CUST_0247,55,211717.19,164.97,22.96,263292760.9699999,88.66053801017637,51.8,Tier 3 – Growth,0.1599826086825394,C – Discounted,Yes
CUST_0456,59,211304.34,147.48,25.05,263504065.3099999,88.73169209887696,52.0,Tier 3 – Growth,0.173821482704201,B – Standard,Yes
CUST_0416,57,210459.99,153.09,23.93,263714525.29999992,88.80256186329538,52.2,Tier 3 – Growth,0.1663810290705893,C – Discounted,Yes
CUST_0302,54,207466.99,158.43,23.5,263921992.28999996,88.87242377246822,52.400000000000006,Tier 3 – Growth,0.163269796501887,C – Discounted,Yes
CUST_0023,49,206021.84,148.23,26.12,264128014.12999997,88.94179904548733,52.6,Tier 3 – Growth,0.1798397627653109,B – Standard,Yes
CUST_0137,53,205707.1,151.77,24.06,264333721.22999996,89.01106833375533,52.8,Tier 3 – Growth,0.166768770786214,C – Discounted,Yes
CUST_0233,68,205662.93,128.86,24.41,264539384.15999997,89.08032274832934,53.0,Tier 3 – Growth,0.170157054555534,C – Discounted,Yes
CUST_0252,43,205303.35,151.93,29.19,264744687.50999996,89.14945607884414,53.2,Tier 3 – Growth,0.1992773048823659,A – Premium,Yes
CUST_0307,55,204422.89,137.81,26.27,264949110.39999992,89.21829292548671,53.400000000000006,Tier 3 – Growth,0.1812078054190897,B – Standard,Yes
CUST_0418,48,201978.36,146.3,27.19,265151088.75999996,89.28630660728352,53.6,Tier 3 – Growth,0.1865708591035143,B – Standard,Yes
CUST_0426,50,201967.63,163.53,24.5,265353056.38999996,89.35431667588726,53.8,Tier 3 – Growth,0.1692749566652789,C – Discounted,Yes
CUST_0086,43,199602.08,165.22,27.28,265552658.46999997,89.42153017517055,54.0,Tier 3 – Growth,0.186702870471816,B – Standard,Yes
CUST_0130,46,199259.36,138.33,29.0,265751917.82999995,89.48862826778836,54.2,Tier 3 – Growth,0.1980699108902616,A – Premium,Yes
CUST_0475,51,199205.37,135.51,27.92,265951123.2,89.5557081799502,54.400000000000006,Tier 3 – Growth,0.191437560298793,A – Premium,Yes
CUST_0254,57,199152.88,150.36,23.53,266150276.07999995,89.62277041676228,54.6,Tier 3 – Growth,0.1634142941085994,C – Discounted,Yes
CUST_0363,51,198249.62,147.52,27.39,266348525.7,89.68952849208786,54.8,Tier 3 – Growth,0.1879689624995232,A – Premium,Yes
CUST_0345,50,196931.27,147.96,25.34,266545456.97,89.7558426295708,55.00000000000001,Tier 3 – Growth,0.1745564206411441,B – Standard,Yes
CUST_0037,50,196481.92,160.16,23.24,266741938.89,89.82200545407191,55.2,Tier 3 – Growth,0.1609229322714878,C – Discounted,Yes
CUST_0344,64,194867.65,131.62,26.38,266936806.54,89.88762469337847,55.400000000000006,Tier 3 – Growth,0.1822781841232641,B – Standard,Yes
CUST_0415,66,194799.27,144.9,20.88,267131605.81,89.95322090657692,55.60000000000001,Tier 3 – Growth,0.1467572945445671,C – Discounted,Yes
CUST_0167,43,194157.38,168.3,24.58,267325763.19,90.01860097136117,55.8,Tier 3 – Growth,0.1690136764353735,C – Discounted,Yes
CUST_0366,49,193706.07,137.19,29.35,267519469.26,90.08382906315818,56.00000000000001,Tier 3 – Growth,0.2003806367153989,A – Premium,Yes
CUST_0062,43,193458.22,174.04,23.98,267712927.48,90.1489736945734,56.2,Tier 3 – Growth,0.1650995803698337,C – Discounted,Yes
CUST_0031,54,191299.06,134.64,24.93,267904226.54,90.21339125591446,56.39999999999999,Tier 3 – Growth,0.172010545070521,B – Standard,Yes
CUST_0040,53,190357.28,151.04,26.17,268094583.82,90.2774916846417,56.6,Tier 3 – Growth,0.1799463429556385,B – Standard,Yes
CUST_0217,50,190023.76,142.89,26.1,268284607.57999995,90.34147980468818,56.8,Tier 3 – Growth,0.1792574016418679,B – Standard,Yes
CUST_0491,47,189741.02,155.98,24.38,268474348.6,90.4053727155826,56.99999999999999,Tier 3 – Growth,0.1678697450166912,C – Discounted,Yes
CUST_0017,42,187867.38,166.42,25.71,268662215.98,90.46863470168503,57.2,Tier 3 – Growth,0.1760598287788533,B – Standard,Yes
CUST_0495,52,186902.3,156.17,24.65,268849118.28,90.53157170919064,57.4,Tier 3 – Growth,0.1699004688844248,C – Discounted,Yes
CUST_0100,40,185374.02,164.43,28.73,269034492.29999995,90.59399408755668,57.6,Tier 3 – Growth,0.1954132700474166,A – Premium,Yes
CUST_0232,55,184871.1,138.81,25.87,269219363.4,90.65624711391467,57.8,Tier 3 – Growth,0.1779693120276066,B – Standard,Yes
CUST_0173,52,183963.98,146.38,24.06,269403327.38,90.71819467897951,57.99999999999999,Tier 3 – Growth,0.165977417206755,C – Discounted,Yes
CUST_0296,48,183213.14,136.48,28.46,269586540.52,90.77988940808297,58.2,Tier 3 – Growth,0.1941883831647539,A – Premium,Yes
CUST_0261,62,182818.78,131.21,23.05,269769359.29999995,90.84145134139796,58.4,Tier 3 – Growth,0.1601363744714545,C – Discounted,Yes
CUST_0154,47,182127.91,161.04,24.06,269951487.21,90.9027806328976,58.6,Tier 3 – Growth,0.165543577211788,C – Discounted,Yes
CUST_0403,53,181664.99,157.65,21.72,270133152.2,90.96395404188792,58.8,Tier 3 – Growth,0.150801205390471,C – Discounted,Yes
CUST_0001,49,181557.58,168.81,21.9,270314709.78,91.02509128190668,59.0,Tier 3 – Growth,0.1516663241047033,C – Discounted,Yes
CUST_0376,55,180944.21,145.21,24.6,270495653.98999995,91.08602197726393,59.2,Tier 3 – Growth,0.1696038181027111,C – Discounted,Yes
CUST_0283,51,180360.23,161.22,24.65,270676014.22,91.14675602467382,59.4,Tier 3 – Growth,0.1696101673136122,C – Discounted,Yes
CUST_0311,52,179867.74,143.92,24.0,270855881.96,91.2073242322475,59.6,Tier 3 – Growth,0.1654532932332552,C – Discounted,Yes
CUST_0294,47,179793.45,137.36,26.83,271035675.41,91.26786742359457,59.8,Tier 3 – Growth,0.1834303130372386,B – Standard,Yes
CUST_0488,43,179737.13,153.92,27.81,271215412.54,91.32839164988737,60.0,Tier 3 – Growth,0.1894851832081181,A – Premium,Yes
CUST_0329,42,179202.95,157.44,27.64,271394615.48999995,91.3887359977588,60.2,Tier 3 – Growth,0.1882904473987316,A – Premium,Yes
CUST_0331,49,179165.68,138.79,26.27,271573781.17,91.4490677954248,60.4,Tier 3 – Growth,0.1799273015015264,B – Standard,Yes
CUST_0111,44,178996.43,132.67,30.45,271752777.6,91.50934260027412,60.6,Tier 3 – Growth,0.206656055078463,A – Premium,Yes
CUST_0145,36,178438.27,167.17,29.0,271931215.86999995,91.56942945173756,60.8,Tier 3 – Growth,0.1966369728527799,A – Premium,Yes
CUST_0429,55,178351.58,156.96,22.76,272109567.4499999,91.62948711142975,61.0,Tier 3 – Growth,0.1575858055624623,C – Discounted,Yes
CUST_0178,50,178216.7,156.5,24.06,272287784.1499999,91.68949935197216,61.2,Tier 3 – Growth,0.1656386492304742,C – Discounted,Yes
CUST_0287,50,177787.55,138.3,24.5,272465571.6999999,91.7493670816296,61.4,Tier 3 – Growth,0.1684779408240554,C – Discounted,Yes
CUST_0181,40,176273.57,186.49,25.38,272641845.2699999,91.80872499749329,61.6,Tier 3 – Growth,0.1733882715833276,B – Standard,Yes
CUST_0096,54,176263.86,142.19,23.39,272818109.12999994,91.86807964363614,61.8,Tier 3 – Growth,0.1615279299236188,C – Discounted,Yes
CUST_0144,46,175872.44,166.21,22.5,272993981.56999993,91.92730248399876,62.0,Tier 3 – Growth,0.1551459909383685,C – Discounted,Yes
CUST_0324,48,174822.73,138.64,26.38,273168804.29999995,91.98617184767252,62.2,Tier 3 – Growth,0.1804228458742693,B – Standard,Yes
CUST_0234,45,174507.64,160.41,23.78,273343311.93999994,92.04493510873706,62.4,Tier 3 – Growth,0.163327248749672,C – Discounted,Yes
CUST_0216,40,172562.04,158.15,25.48,273515873.98,92.10304321338135,62.6,Tier 3 – Growth,0.1739144417832458,B – Standard,Yes
CUST_0025,45,172479.01,141.23,27.51,273688352.98999995,92.1611233587136,62.8,Tier 3 – Growth,0.1874497461768104,A – Premium,Yes
CUST_0308,47,172012.75,166.37,21.87,273860365.73999995,92.2190464968334,63.0,Tier 3 – Growth,0.1510078300056106,C – Discounted,Yes
CUST_0152,41,171916.49,162.39,24.63,274032282.23,92.27693722060442,63.2,Tier 3 – Growth,0.1684555057283095,C – Discounted,Yes
CUST_0094,61,171739.46,123.15,24.85,274204021.68999994,92.33476833174124,63.4,Tier 3 – Growth,0.1713696693099619,B – Standard,Yes
CUST_0164,48,171720.84,152.41,25.71,274375742.5299999,92.39259317282638,63.6,Tier 3 – Growth,0.1759755959115897,B – Standard,Yes
CUST_0132,46,171410.49,149.95,24.0,274547153.0199999,92.45031350743793,63.8,Tier 3 – Growth,0.1647265440696845,C – Discounted,Yes
CUST_0020,37,170274.72,155.91,29.86,274717427.73999995,92.507651385734,64.0,Tier 3 – Growth,0.2020197251188421,A – Premium,Yes
CUST_0455,44,170053.65,152.38,25.93,274887481.3899999,92.56491482147771,64.2,Tier 3 – Growth,0.1770487050429051,B – Standard,Yes
CUST_0469,46,170000.91,152.17,23.96,275057482.29999995,92.62216049768732,64.4,Tier 3 – Growth,0.1644206785852611,C – Discounted,Yes
CUST_0210,35,169974.98,165.67,27.23,275227457.28,92.67939744229436,64.60000000000001,Tier 3 – Growth,0.1848047454386578,B – Standard,Yes
CUST_0319,43,169479.3,176.68,23.3,275396936.58,92.7364674728726,64.8,Tier 3 – Growth,0.1598993377701993,C – Discounted,Yes
CUST_0134,39,168557.5,173.83,24.51,275565494.08,92.79322709885166,65.0,Tier 3 – Growth,0.1674172496644813,C – Discounted,Yes
CUST_0336,34,168170.02,162.96,28.68,275733664.1,92.84985624579612,65.2,Tier 3 – Growth,0.1940739591728991,A – Premium,Yes
CUST_0161,53,167326.88,131.77,25.47,275900990.98,92.90620147591072,65.4,Tier 3 – Growth,0.1746476634740398,B – Standard,Yes
CUST_0269,48,166126.55,141.82,22.79,276067117.53,92.9621425099388,65.60000000000001,Tier 3 – Growth,0.1568547525914442,C – Discounted,Yes
CUST_0395,48,166010.02,155.44,22.46,276233127.54999995,93.0180443039496,65.8,Tier 3 – Growth,0.1547108337469133,C – Discounted,Yes
CUST_0301,36,164995.09,180.91,26.64,276398122.6399999,93.0736043330007,66.0,Tier 3 – Growth,0.1808890642143121,B – Standard,Yes
CUST_0015,36,164046.29,177.19,26.19,276562168.92999995,93.12884486554096,66.2,Tier 3 – Growth,0.1779395022431434,B – Standard,Yes
CUST_0342,42,162980.13,147.49,27.05,276725149.05999994,93.18372638206094,66.4,Tier 3 – Growth,0.1839295164029316,B – Standard,Yes
CUST_0387,42,162817.71,151.36,24.95,276887966.7699999,93.23855320568116,66.60000000000001,Tier 3 – Growth,0.1703054857255295,B – Standard,Yes
CUST_0060,43,162443.23,146.37,24.53,277050409.99999994,93.2932539278539,66.8,Tier 3 – Growth,0.167644070842367,C – Discounted,Yes
CUST_0098,38,161389.7,172.83,25.79,277211799.6999999,93.3475998870006,67.0,Tier 3 – Growth,0.1754072308990894,B – Standard,Yes
CUST_0240,40,160627.13,159.76,26.0,277372426.8299999,93.40168906025536,67.2,Tier 3 – Growth,0.1768932910458231,B – Standard,Yes
CUST_0244,43,160386.36,141.67,27.56,277532813.18999994,93.45569715722964,67.4,Tier 3 – Growth,0.1872260784176497,A – Premium,Yes
CUST_0289,49,159789.67,144.44,21.86,277692602.85999995,93.5095043263234,67.60000000000001,Tier 3 – Growth,0.1506894140451232,C – Discounted,Yes
CUST_0024,42,157859.58,165.72,21.19,277850462.43999994,93.56266156179504,67.80000000000001,Tier 3 – Growth,0.1457581404848739,C – Discounted,Yes
CUST_0224,49,155202.46,133.42,23.61,278005664.8999999,93.61492404540228,68.0,Tier 3 – Growth,0.1618871094740562,C – Discounted,Yes
CUST_0349,45,153718.93,131.07,23.51,278159383.8299999,93.66668696887172,68.2,Tier 3 – Growth,0.1608910453679131,C – Discounted,Yes
CUST_0411,42,153294.98,135.93,26.67,278312678.80999994,93.71830713249106,68.4,Tier 3 – Growth,0.1811459456389259,B – Standard,Yes
CUST_0139,38,153290.83,168.87,25.34,278465969.6399999,93.7699258986499,68.60000000000001,Tier 3 – Growth,0.1722219906730986,B – Standard,Yes
CUST_0225,40,152828.35,153.77,24.52,278618797.98999995,93.82138893046395,68.8,Tier 3 – Growth,0.1670383054523977,C – Discounted,Yes
CUST_0083,40,151247.11,136.57,24.0,278770045.1,93.87231949952208,69.0,Tier 3 – Growth,0.1636139413006078,C – Discounted,Yes
CUST_0065,39,151197.19,164.79,23.15,278921242.29,93.92323325864572,69.19999999999999,Tier 3 – Growth,0.1580253101818647,C – Discounted,Yes
CUST_0235,38,150434.0,169.01,23.05,279071676.29,93.97389002310018,69.39999999999999,Tier 3 – Growth,0.1572769817216338,C – Discounted,Yes
CUST_0238,34,150175.49,160.57,26.38,279221851.78,94.02445973755148,69.6,Tier 3 – Growth,0.1785651354915835,B – Standard,Yes
CUST_0405,52,149997.36,131.17,23.08,279371849.14,94.07496946895736,69.8,Tier 3 – Growth,0.1585024380340475,C – Discounted,Yes
CUST_0355,34,149980.37,157.87,25.5,279521829.51,94.12547347919362,70.0,Tier 3 – Growth,0.1728518298209775,B – Standard,Yes
CUST_0069,40,149902.33,149.73,24.2,279671731.84,94.1759512104378,70.19999999999999,Tier 3 – Growth,0.1648666319659269,C – Discounted,Yes
CUST_0295,39,149901.08,145.25,27.23,279821632.92,94.22642852076012,70.39999999999999,Tier 3 – Growth,0.1844417321993628,B – Standard,Yes
CUST_0090,55,148263.21,132.49,21.64,279969896.12999994,94.27635429888362,70.6,Tier 3 – Growth,0.1493307481873786,C – Discounted,Yes
CUST_0168,38,148031.96,128.74,26.97,280117928.0899999,94.32620220646736,70.8,Tier 3 – Growth,0.18261933694937,B – Standard,Yes
CUST_0263,28,146811.71,190.21,29.0,280264739.7999999,94.3756392101542,71.0,Tier 3 – Growth,0.1949971964922693,A – Premium,Yes
CUST_0496,38,146608.17,152.64,25.18,280411347.9699999,94.42500767429657,71.2,Tier 3 – Growth,0.1709641055439339,B – Standard,Yes
CUST_0050,43,146311.47,133.75,24.98,280557659.43999994,94.47427622843178,71.39999999999999,Tier 3 – Growth,0.1700306290146662,C – Discounted,Yes
CUST_0427,47,145255.19,131.48,24.3,280702914.62999994,94.52318909351293,71.6,Tier 3 – Growth,0.1658846109804835,C – Discounted,Yes
CUST_0369,37,144973.76,152.05,25.68,280847888.3899999,94.5720071905681,71.8,Tier 3 – Growth,0.1740781108003697,B – Standard,Yes
CUST_0494,41,144897.05,158.59,23.9,280992785.43999994,94.620799456492,72.0,Tier 3 – Growth,0.162830788293523,C – Discounted,Yes
CUST_0424,40,144772.51,150.82,23.23,281137557.9499999,94.66954978513148,72.2,Tier 3 – Growth,0.1584070127499886,C – Discounted,Yes
CUST_0282,42,143203.75,143.98,22.43,281280761.6999999,94.71777185349865,72.39999999999999,Tier 3 – Growth,0.1533165643780381,C – Discounted,Yes
CUST_0392,43,142617.85,153.57,22.95,281423379.54999995,94.76579662738256,72.6,Tier 3 – Growth,0.1567441599861272,C – Discounted,Yes
CUST_0487,36,142450.87,158.01,22.14,281565830.42,94.81376517284386,72.8,Tier 3 – Growth,0.1509630896747456,C – Discounted,Yes
CUST_0478,49,140844.51,127.79,22.61,281706674.92999995,94.86119279670396,73.0,Tier 3 – Growth,0.1549287631441169,C – Discounted,Yes
CUST_0109,39,140240.51,138.94,25.13,281846915.43999994,94.90841703113266,73.2,Tier 3 – Growth,0.1705046266267446,B – Standard,Yes
CUST_0251,45,139704.95,132.14,24.0,281986620.3899999,94.95546092244228,73.4,Tier 3 – Growth,0.1636068124800237,C – Discounted,Yes
CUST_0339,49,139602.83,110.79,24.8,282126223.2199999,95.00247042612156,73.6,Tier 4 – Tail,0.169090169926845,C – Discounted,Yes
CUST_0270,34,137964.82,153.63,25.09,282264188.0399999,95.04892835045874,73.8,Tier 4 – Tail,0.1697968926497377,C – Discounted,Yes
CUST_0398,45,137826.13,144.58,22.42,282402014.1699999,95.09533957267632,74.0,Tier 4 – Tail,0.1532984502297219,C – Discounted,Yes
CUST_0440,41,137688.51,138.0,25.37,282539702.6799999,95.1417044530834,74.2,Tier 4 – Tail,0.1721262566997599,B – Standard,Yes
CUST_0032,41,137413.56,153.73,21.34,282677116.2399999,95.18797674752328,74.4,Tier 4 – Tail,0.1459823041347571,C – Discounted,Yes
CUST_0080,38,137251.16,150.67,24.61,282814367.3999999,95.23419435579817,74.6,Tier 4 – Tail,0.1669591848044851,C – Discounted,Yes
CUST_0209,31,137170.98,138.87,30.84,282951538.37999994,95.28038496446274,74.8,Tier 4 – Tail,0.2068359690810603,A – Premium,Yes
CUST_0067,32,136428.9,177.07,24.16,283087967.2799999,95.32632568698612,75.0,Tier 4 – Tail,0.1635658097314847,C – Discounted,Yes
CUST_0084,39,135870.79,146.03,24.67,283223838.06999993,95.37207847296052,75.2,Tier 4 – Tail,0.1673774545730269,C – Discounted,Yes
CUST_0014,41,134329.58,127.91,23.93,283358167.6499999,95.41731227577986,75.4,Tier 4 – Tail,0.1626770193534777,C – Discounted,Yes
CUST_0180,38,133703.33,129.47,29.08,283491870.9799999,95.46233519675908,75.6,Tier 4 – Tail,0.1958305692475822,A – Premium,Yes
CUST_0460,30,133630.73,156.4,28.73,283625501.7099999,95.50733367059804,75.8,Tier 4 – Tail,0.1929610846275655,A – Premium,Yes
CUST_0107,35,132917.92,143.28,25.23,283758419.62999994,95.55209211460148,76.0,Tier 4 – Tail,0.1706131142072698,B – Standard,Yes
CUST_0434,39,132212.05,123.96,26.15,283890631.67999995,95.59661286572752,76.2,Tier 4 – Tail,0.1768547811619686,B – Standard,Yes
CUST_0106,31,131488.65,176.77,22.84,284022120.3299999,95.64089002096824,76.4,Tier 4 – Tail,0.1547679955404342,C – Discounted,Yes
CUST_0330,35,131415.14,148.78,24.66,284153535.4699999,95.68514242263764,76.6,Tier 4 – Tail,0.1668670820128801,C – Discounted,Yes
CUST_0206,28,130428.73,166.48,24.29,284283964.1999999,95.72906266309992,76.8,Tier 4 – Tail,0.1639124390141298,C – Discounted,Yes
CUST_0373,41,130387.33,127.86,27.51,284414351.5299999,95.77296896263098,77.0,Tier 4 – Tail,0.1857636780218815,B – Standard,Yes
CUST_0255,31,130282.81,150.82,27.74,284544634.3399999,95.81684006636176,77.2,Tier 4 – Tail,0.1865051621389703,B – Standard,Yes
CUST_0079,42,130237.62,132.66,23.36,284674871.9599999,95.8606959529263,77.4,Tier 4 – Tail,0.158920307471767,C – Discounted,Yes
CUST_0110,32,129878.28,151.96,26.09,284804750.2399999,95.90443083624862,77.60000000000001,Tier 4 – Tail,0.1758661030610968,B – Standard,Yes
CUST_0191,36,129504.79,179.76,19.53,284934255.0299999,95.94803995149356,77.8,Tier 4 – Tail,0.1336102952063979,C – Discounted,Yes
CUST_0292,30,129040.28,158.93,27.67,285063295.3099999,95.99149264881662,78.0,Tier 4 – Tail,0.1859355863605549,B – Standard,Yes
CUST_0370,32,128692.99,144.05,27.47,285191988.2999999,96.03482840058398,78.2,Tier 4 – Tail,0.1847764502645136,B – Standard,Yes
CUST_0047,37,128692.83,138.69,23.54,285320681.1299999,96.07816409847332,78.4,Tier 4 – Tail,0.1596633837274203,C – Discounted,Yes
CUST_0437,28,128681.37,151.92,28.82,285449362.4999999,96.1214959373513,78.60000000000001,Tier 4 – Tail,0.1932322750153415,A – Premium,Yes
CUST_0237,38,128504.7,125.71,27.05,285577867.19999987,96.16476828482055,78.8,Tier 4 – Tail,0.182494492574602,B – Standard,Yes
CUST_0156,34,127809.52,131.62,29.06,285705676.71999985,96.20780653913592,79.0,Tier 4 – Tail,0.1952079416876383,A – Premium,Yes
CUST_0298,28,127418.27,159.05,27.86,285833094.98999983,96.25071304491642,79.2,Tier 4 – Tail,0.1869649601948748,A – Premium,Yes
CUST_0123,38,127200.26,152.79,21.68,285960295.2499998,96.29354613856124,79.4,Tier 4 – Tail,0.1476265933287738,C – Discounted,Yes
CUST_0174,40,126841.7,135.42,22.43,286087136.9499998,96.33625849161908,79.60000000000001,Tier 4 – Tail,0.1526279158454918,C – Discounted,Yes
CUST_0190,37,126528.11,144.63,24.51,286213665.0599998,96.37886524717396,79.80000000000001,Tier 4 – Tail,0.1658825627159302,C – Discounted,Yes
CUST_0149,31,126320.49,136.09,28.45,286339985.54999983,96.42140208929544,80.0,Tier 4 – Tail,0.1909789673081421,A – Premium,Yes
CUST_0007,31,125615.12,157.14,25.52,286465600.66999984,96.4637014069082,80.2,Tier 4 – Tail,0.1719544201174219,B – Standard,Yes
CUST_0343,34,125494.97,141.3,26.88,286591095.63999987,96.50596026551403,80.4,Tier 4 – Tail,0.1809941664647829,B – Standard,Yes
CUST_0335,39,125399.13,140.85,24.21,286716494.76999986,96.54818685120082,80.60000000000001,Tier 4 – Tail,0.1640491523806911,C – Discounted,Yes
CUST_0388,36,125378.1,154.43,21.19,286841872.8699999,96.59040635529864,80.80000000000001,Tier 4 – Tail,0.1442395125565019,C – Discounted,Yes
CUST_0300,27,125196.59,165.89,26.81,286967069.45999986,96.63256473817836,81.0,Tier 4 – Tail,0.1800077273763456,B – Standard,Yes
CUST_0016,29,124985.22,149.99,27.66,287092054.6799999,96.67465194485924,81.2,Tier 4 – Tail,0.1856624099520247,B – Standard,Yes
CUST_0318,29,124788.23,167.18,24.21,287216842.9099999,96.71667281762603,81.39999999999999,Tier 4 – Tail,0.1632823759764272,C – Discounted,Yes
CUST_0203,31,124635.5,186.39,23.87,287341478.4099999,96.75864226047916,81.6,Tier 4 – Tail,0.1612217411002383,C – Discounted,Yes
CUST_0027,29,124629.14,156.33,27.34,287466107.5499999,96.80060956168197,81.8,Tier 4 – Tail,0.1835754459822715,B – Standard,Yes
CUST_0393,42,124189.04,120.61,25.4,287590296.5899999,96.84242866472452,82.0,Tier 4 – Tail,0.1719505081523482,B – Standard,Yes
CUST_0078,35,123945.85,124.17,27.71,287714242.43999994,96.88416587658196,82.19999999999999,Tier 4 – Tail,0.1864003888670407,B – Standard,Yes
CUST_0136,40,122911.08,115.49,28.27,287837153.5199999,96.92555464260828,82.39999999999999,Tier 4 – Tail,0.190371248389906,A – Premium,Yes
CUST_0284,36,122895.12,138.39,26.31,287960048.6399999,96.9669380343046,82.6,Tier 4 – Tail,0.177361301033904,B – Standard,Yes
CUST_0085,37,122812.08,134.85,24.51,288082860.7199999,97.00829346332144,82.8,Tier 4 – Tail,0.1657600761577194,C – Discounted,Yes
CUST_0417,30,122794.45,146.54,27.8,288205655.1699999,97.04964295565672,83.0,Tier 4 – Tail,0.1865727743268921,B – Standard,Yes
CUST_0223,28,122144.16,172.83,24.39,288327799.3299999,97.09077347098312,83.2,Tier 4 – Tail,0.1642878741741909,C – Discounted,Yes
CUST_0443,39,121695.46,121.37,24.62,288449494.7899999,97.131752892207,83.39999999999999,Tier 4 – Tail,0.166585957794233,C – Discounted,Yes
CUST_0425,34,121421.28,129.27,27.24,288570916.0699999,97.17263998675158,83.6,Tier 4 – Tail,0.1831945211855241,B – Standard,Yes
CUST_0371,41,121325.4,137.53,22.98,288692241.46999985,97.2134947949076,83.8,Tier 4 – Tail,0.1560875497601653,C – Discounted,Yes
CUST_0176,32,120722.77,160.97,23.56,288812964.23999983,97.2541466749625,84.0,Tier 4 – Tail,0.1591570588584023,C – Discounted,Yes
CUST_0340,34,120188.11,147.59,25.12,288933152.34999985,97.29461851496208,84.2,Tier 4 – Tail,0.1694054951127985,C – Discounted,Yes
CUST_0354,28,118883.75,144.46,27.86,289052036.09999985,97.33465112807625,84.39999999999999,Tier 4 – Tail,0.1866836481546649,B – Standard,Yes
CUST_0407,35,118842.91,120.82,27.63,289170879.0099999,97.37466998883214,84.6,Tier 4 – Tail,0.1857133806932437,B – Standard,Yes
CUST_0264,45,118653.47,125.22,22.67,289289532.4799999,97.41462505804186,84.8,Tier 4 – Tail,0.1542877583955197,C – Discounted,Yes
CUST_0202,42,118295.58,144.56,20.86,289407828.0599999,97.4544596122787,85.0,Tier 4 – Tail,0.1423139671132203,C – Discounted,Yes
CUST_0045,34,118019.4,130.34,26.56,289525847.45999986,97.49420116636126,85.2,Tier 4 – Tail,0.1786725322081063,B – Standard,Yes
CUST_0461,39,117905.44,133.98,23.46,289643752.89999986,97.53390434584183,85.39999999999999,Tier 4 – Tail,0.1589383346069151,C – Discounted,Yes
CUST_0410,32,117863.41,168.09,21.75,289761616.3099999,97.57359337224656,85.6,Tier 4 – Tail,0.147324806980836,C – Discounted,Yes
CUST_0312,25,117782.2,165.6,27.52,289879398.5099999,97.61325505220142,85.8,Tier 4 – Tail,0.1842184185260859,B – Standard,Yes
CUST_0059,26,117665.31,156.11,28.58,289997063.8199999,97.65287737091349,86.0,Tier 4 – Tail,0.191163419012773,A – Premium,Yes
CUST_0361,37,117556.89,125.85,25.0,290114620.70999986,97.69246318054914,86.2,Tier 4 – Tail,0.1687645476239904,C – Discounted,Yes
CUST_0450,35,117502.73,137.39,26.57,290232123.4399999,97.73203075248344,86.4,Tier 4 – Tail,0.1787950167565684,B – Standard,Yes
CUST_0286,30,117449.86,166.71,25.53,290349573.2999999,97.77158052110778,86.6,Tier 4 – Tail,0.1716754663349527,B – Standard,Yes
CUST_0457,27,117267.51,184.44,23.93,290466840.8099999,97.81106888565456,86.8,Tier 4 – Tail,0.1610693288486572,C – Discounted,Yes
CUST_0159,39,117242.88,122.56,24.03,290584083.6899999,97.85054895635749,87.0,Tier 4 – Tail,0.1626129935766655,C – Discounted,Yes
CUST_0072,30,116741.59,168.14,23.47,290700825.27999985,97.8898602239344,87.2,Tier 4 – Tail,0.1582928469016901,C – Discounted,Yes
CUST_0058,30,116046.65,159.51,25.77,290816871.9299998,97.92893747917444,87.4,Tier 4 – Tail,0.1731856344220802,B – Standard,Yes
CUST_0124,36,115670.14,146.41,23.61,290932542.0699998,97.96788794938992,87.6,Tier 4 – Tail,0.1596134259938498,C – Discounted,Yes
CUST_0226,36,115411.85,143.37,24.33,291047953.91999984,98.00675144368446,87.8,Tier 4 – Tail,0.1642741730242415,C – Discounted,Yes
CUST_0207,35,115384.78,140.07,25.2,291163338.6999998,98.04560582249567,88.0,Tier 4 – Tail,0.1698406400861654,C – Discounted,Yes
CUST_0310,27,114849.48,161.95,22.89,291278188.1799998,98.08427994573962,88.2,Tier 4 – Tail,0.1542451388610383,C – Discounted,Yes
CUST_0467,34,114160.58,124.18,26.12,291392348.7599998,98.12272209054096,88.4,Tier 4 – Tail,0.1756919019582141,B – Standard,Yes
CUST_0195,38,113995.15,155.68,21.53,291506343.9099998,98.16110852886275,88.6,Tier 4 – Tail,0.1462185681917883,C – Discounted,Yes
CUST_0185,28,113858.07,148.79,27.82,291620201.9799998,98.19944880721224,88.8,Tier 4 – Tail,0.1862585899718117,B – Standard,Yes
CUST_0125,36,113825.87,140.13,20.94,291734027.8499998,98.23777824261526,89.0,Tier 4 – Tail,0.1422374606756357,C – Discounted,Yes
CUST_0401,29,113718.47,154.91,24.86,291847746.3199998,98.27607151241406,89.2,Tier 4 – Tail,0.1671328029884451,C – Discounted,Yes
CUST_0005,30,113111.41,145.12,26.13,291960857.72999984,98.31416036236476,89.4,Tier 4 – Tail,0.1754235143571482,B – Standard,Yes
CUST_0165,30,112821.16,162.32,24.37,292073678.88999987,98.352151474265,89.60000000000001,Tier 4 – Tail,0.1640001988534175,C – Discounted,Yes
CUST_0498,26,109704.03,144.4,27.5,292183382.91999984,98.3890929316976,89.8,Tier 4 – Tail,0.1838971108702519,B – Standard,Yes
CUST_0375,29,109460.2,178.37,19.9,292292843.1199998,98.42595228243304,90.0,Tier 4 – Tail,0.1348264251355261,C – Discounted,Yes
CUST_0118,33,109006.38,147.91,24.52,292401849.4999998,98.4626588149702,90.2,Tier 4 – Tail,0.1650712120119505,C – Discounted,Yes
CUST_0477,29,108844.51,146.0,26.72,292510694.0099998,98.4993108398132,90.4,Tier 4 – Tail,0.1790344059318952,B – Standard,Yes
CUST_0473,29,108729.43,133.4,29.55,292619423.4399998,98.53592411290823,90.6,Tier 4 – Tail,0.1973834012890505,A – Premium,Yes
CUST_0378,25,108556.52,163.58,24.2,292727979.9599998,98.57247916072744,90.8,Tier 4 – Tail,0.1623838448011229,C – Discounted,Yes
CUST_0112,32,108486.82,164.21,24.34,292836466.7799998,98.60901073794504,91.0,Tier 4 – Tail,0.1638121072591328,C – Discounted,Yes
CUST_0493,39,108132.56,122.35,23.08,292944599.3399998,98.6454230225468,91.2,Tier 4 – Tail,0.1561518721155143,C – Discounted,Yes
CUST_0172,23,107673.12,173.36,26.26,293052272.4599998,98.68168059648563,91.4,Tier 4 – Tail,0.1755646721076447,B – Standard,Yes
CUST_0372,33,107173.14,142.15,24.0,293159445.5999998,98.7177698084246,91.6,Tier 4 – Tail,0.1616385415190737,C – Discounted,Yes
CUST_0348,30,107170.28,161.16,21.13,293266615.87999976,98.75385805729438,91.8,Tier 4 – Tail,0.1428022632543606,C – Discounted,Yes
CUST_0313,36,106237.36,121.03,23.22,293372853.2399998,98.78963215704434,92.0,Tier 4 – Tail,0.1567733229236882,C – Discounted,Yes
CUST_0320,32,105340.79,146.23,22.66,293478194.0299998,98.82510434808148,92.2,Tier 4 – Tail,0.1528134672191392,C – Discounted,Yes
CUST_0099,36,104825.68,123.19,23.72,293583019.7099998,98.86040308228078,92.4,Tier 4 – Tail,0.1599693337450475,C – Discounted,Yes
CUST_0333,29,103769.09,144.22,24.52,293686788.7999998,98.8953460230374,92.6,Tier 4 – Tail,0.1645999261343601,C – Discounted,Yes
CUST_0431,32,103673.58,138.77,22.84,293790462.37999976,98.93025680199835,92.8,Tier 4 – Tail,0.1539258283667623,C – Discounted,Yes
CUST_0471,26,103487.1,142.23,27.77,293893949.4799998,98.96510478615603,93.0,Tier 4 – Tail,0.1854431632317338,B – Standard,Yes
CUST_0142,34,103289.75,116.42,24.38,293997239.2299998,98.99988631517414,93.2,Tier 4 – Tail,0.1640495345438705,C – Discounted,Yes
CUST_0182,27,101687.6,145.69,27.04,294098926.8299998,99.03412834025583,93.4,Tier 4 – Tail,0.180724401173302,B – Standard,Yes
CUST_0423,32,101551.33,124.76,25.63,294200478.1599998,99.0683244781226,93.6,Tier 4 – Tail,0.1719492606745334,B – Standard,Yes
CUST_0030,34,100556.24,131.22,24.56,294301034.3999998,99.10218553190104,93.8,Tier 4 – Tail,0.165126748661728,C – Discounted,Yes
CUST_0150,35,99708.81,135.65,22.63,294400743.2099998,99.13576122424588,94.0,Tier 4 – Tail,0.1526572672540706,C – Discounted,Yes
CUST_0228,34,99455.56,119.96,23.91,294500198.7699998,99.16925163782663,94.2,Tier 4 – Tail,0.1608751636107516,C – Discounted,Yes
CUST_0430,24,99210.62,152.3,26.46,294599409.3899998,99.20265957093169,94.4,Tier 4 – Tail,0.1766574148401442,B – Standard,Yes
CUST_0380,27,98422.5,154.68,23.85,294697831.8899998,99.2358021145024,94.6,Tier 4 – Tail,0.1599293590849398,C – Discounted,Yes
CUST_0441,31,97013.98,131.71,24.52,294794845.8699998,99.26847035661292,94.8,Tier 4 – Tail,0.1645265944450007,C – Discounted,Yes
CUST_0435,30,96927.94,123.74,25.17,294891773.8099998,99.30110962583154,95.0,Tier 4 – Tail,0.1686643992098458,C – Discounted,Yes
CUST_0038,30,96258.5,128.04,23.33,294988032.3099998,99.33352346951874,95.2,Tier 4 – Tail,0.1567097782256085,C – Discounted,Yes
CUST_0408,19,95035.2,167.75,29.05,295083067.5099998,99.36552538225976,95.4,Tier 4 – Tail,0.1929428343129594,A – Premium,Yes
CUST_0459,31,93572.55,145.02,21.06,295176640.0599998,99.39703476594131,95.6,Tier 4 – Tail,0.1419747674625489,C – Discounted,Yes
CUST_0245,23,92547.28,152.25,27.22,295269187.3399998,99.42819890279776,95.8,Tier 4 – Tail,0.1812917800801248,B – Standard,Yes
CUST_0214,30,92520.37,121.67,27.43,295361707.7099998,99.45935397804892,96.0,Tier 4 – Tail,0.1831754088694626,B – Standard,Yes
CUST_0169,32,91890.32,152.03,18.56,295453598.0299998,99.49029689185753,96.2,Tier 4 – Tail,0.125781271597483,C – Discounted,Yes
CUST_0381,30,90995.04,149.83,22.37,295544593.0699998,99.52093833134464,96.4,Tier 4 – Tail,0.1503106048550214,C – Discounted,Yes
CUST_0153,24,90644.88,155.45,26.96,295635237.9499998,99.5514618588395,96.6,Tier 4 – Tail,0.1796176158896143,B – Standard,Yes
CUST_0043,21,88915.62,177.01,23.86,295724153.5699998,99.58140307969823,96.8,Tier 4 – Tail,0.1592328632057196,C – Discounted,Yes
CUST_0334,30,87338.5,120.02,27.3,295811492.0699998,99.6108132251594,97.0,Tier 4 – Tail,0.1821615448156704,B – Standard,Yes
CUST_0006,25,86786.67,144.41,23.96,295898278.73999983,99.64003754878291,97.2,Tier 4 – Tail,0.1601098539346819,C – Discounted,Yes
CUST_0057,28,86347.87,132.63,25.43,295984626.60999984,99.66911411200488,97.4,Tier 4 – Tail,0.1698524563192558,C – Discounted,Yes
CUST_0041,27,85235.34,143.98,20.67,296069861.9499998,99.69781604469016,97.6,Tier 4 – Tail,0.1388721201624776,C – Discounted,Yes
CUST_0011,28,84685.6,140.19,23.29,296154547.54999983,99.72633285931909,97.8,Tier 4 – Tail,0.1559195847073909,C – Discounted,Yes
CUST_0260,22,84562.79,149.87,25.68,296239110.33999985,99.75480831921938,98.0,Tier 4 – Tail,0.1709669041044699,B – Standard,Yes
CUST_0357,29,84024.98,142.02,21.41,296323135.3199999,99.78310267834134,98.2,Tier 4 – Tail,0.1437805150847941,C – Discounted,Yes
CUST_0091,26,81606.18,155.15,23.35,296404741.4999999,99.8105825368726,98.4,Tier 4 – Tail,0.1560578589130158,C – Discounted,Yes
CUST_0022,31,81172.86,125.03,22.23,296485914.3599999,99.83791648032364,98.6,Tier 4 – Tail,0.1491536015986506,C – Discounted,Yes
CUST_0101,28,78847.76,129.4,21.93,296564762.1199999,99.86446747548486,98.8,Tier 4 – Tail,0.1469074450897881,C – Discounted,Yes
CUST_0146,22,77348.95,181.59,22.18,296642111.0699999,99.89051376515972,99.0,Tier 4 – Tail,0.1480313288125535,C – Discounted,Yes
CUST_0133,26,73146.94,131.18,22.62,296715258.0099999,99.91514508062129,99.2,Tier 4 – Tail,0.1510449166839472,C – Discounted,Yes
CUST_0129,18,72521.59,157.1,24.33,296787779.59999985,99.93956581730642,99.4,Tier 4 – Tail,0.1615164861708542,C – Discounted,Yes
CUST_0033,28,71239.85,126.31,24.14,296859019.44999987,99.96355494410768,99.6,Tier 4 – Tail,0.1609887119799968,C – Discounted,Yes
CUST_0073,15,57708.55,156.79,22.93,296916727.9999999,99.98298757519082,99.8,Tier 4 – Tail,0.1517251135557916,C – Discounted,Yes
CUST_0291,14,50521.33,129.36,28.43,296967249.32999986,99.99999999999994,100.0,Tier 4 – Tail,0.1870815104464743,A – Premium,Yes
